Title,Employees,Sector,Industry,Hqcity,Hqstate,Revenues,Revchange,Prftchange,Assets,Totshequity,Profits
Walmart,2300000,Retailing,General Merchandisers,Bentonville,AR,485873,0.8,-7.2,198825,77798,13643
Berkshire Hathaway,367700,Financials,Insurance: Property and Casualty (Stock),Omaha,NE,223604,6.1,0,620854,283001,24074
Apple,116000,Technology,"Computers, Office Equipment",Cupertino,CA,215639,-7.7,-14.4,321686,128249,45687
Exxon Mobil,72700,Energy,Petroleum Refining,Irving,TX,205004,-16.7,-51.5,330314,167325,7840
McKesson,68000,Wholesalers,Wholesalers: Health Care,San Francisco,CA,192487,6.2,53,56563,8924,2258
UnitedHealth Group,230000,Health Care,Health Care: Insurance and Managed Care,Minnetonka,MN,184840,17.7,20.7,122810,38274,7017
CVS Health,204000,Health Care,Health Care: Pharmacy and Other Services,Woonsocket,RI,177526,15.8,1.5,94462,36830,5317
General Motors,225000,Motor Vehicles & Parts,Motor Vehicles and Parts,Detroit,MI,166380,9.2,-2.7,221690,43836,9427
AT&T,268540,Telecommunications,Telecommunications,Dallas,TX,163786,11.6,-2.8,403821,123135,12976
Ford Motor,201000,Motor Vehicles & Parts,Motor Vehicles and Parts,Dearborn,MI,151800,1.5,-37.7,237951,29170,4596
AmerisourceBergen,18500,Wholesalers,Wholesalers: Health Care,Chesterbrook,PA,146850,8,-37.7,33656,2129,1427.9
Amazon.com,341400,Technology,Internet Services and Retailing,Seattle,WA,135987,27.1,297.8,83402,19285,2371
General Electric,295000,Industrials,Industrial Machinery,Boston,MA,126661,-9.8,297.8,365183,75828,8831
Verizon,160900,Telecommunications,Telecommunications,New York,NY,125980,-4.3,-26.6,244180,22524,13127
Cardinal Health,37300,Wholesalers,Wholesalers: Health Care,Dublin,OH,121546,18.5,17.4,34122,6554,1427
Costco,172000,Retailing,General Merchandisers,Issaquah,WA,118719,2.2,-1.1,33163,12079,2350
Walgreens Boots Alliance,300000,Food & Drug Stores,Food and Drug Stores,Deerfield,IL,117351,13.4,-1.1,72688,29880,4173
Kroger,443000,Food & Drug Stores,Food and Drug Stores,Cincinnati,OH,115337,5,-3.1,36505,6698,1975
Chevron,55200,Energy,Petroleum Refining,San Ramon,CA,107567,-18,-110.8,260078,145556,-497
Fannie Mae,7000,Financials,Diversified Financials,Washington,DC,107162,-2.9,12.4,3287968,6071,12313
J.P. Morgan Chase,243355,Financials,Commercial Banks,New York,NY,105486,4.4,1.2,2490972,254190,24733
Express Scripts Holding,25600,Health Care,Health Care: Pharmacy and Other Services,St. Louis,MO,100288,-1.4,37.5,51745,16236,3404.4
Home Depot,406000,Retailing,Specialty Retailers: Other,Atlanta,GA,94595,6.9,13.5,42966,4333,7957
Boeing,150540,Aerospace & Defense,Aerospace and Defense,Chicago,IL,94571,-1.6,-5.4,89997,817,4895
Wells Fargo,269100,Financials,Commercial Banks,San Francisco,CA,94176,4.6,-4.2,1930115,199581,21938
Bank of America Corp.,208024,Financials,Commercial Banks,Charlotte,NC,93662,0.7,12.7,2187702,266840,17906
Alphabet,72053,Technology,Internet Services and Retailing,Mountain View,CA,90272,20.4,19.1,167497,139036,19478
Microsoft,114000,Technology,Computer Software,Redmond,WA,85320,-8.8,37.8,193694,71997,16798
Anthem,53000,Health Care,Health Care: Insurance and Managed Care,Indianapolis,IN,84863,7.2,-3.5,65083,25100,2469.8
Citigroup,219000,Financials,Commercial Banks,New York,NY,82386,-6.7,-13.5,1792077,225120,14912
Comcast,159000,Telecommunications,Telecommunications,Philadelphia,PA,80403,7.9,6.5,180500,53943,8695
IBM,414400,Technology,Information Technology Services,Armonk,NY,79919,-3.1,-10,117470,18246,11872
State Farm Insurance Cos.,68234,Financials,Insurance: Property and Casualty (Mutual),Bloomington,IL,76132,0.6,-94.4,256030,87592,350.3
Phillips 66,14800,Energy,Petroleum Refining,Houston,TX,72396,-16.9,-63.2,51653,22390,1555
Johnson & Johnson,126400,Health Care,Pharmaceuticals,New Brunswick,NJ,71890,2.6,7.3,141208,70418,16540
Procter & Gamble,105000,Household Products,Household and Personal Products,Cincinnati,OH,71726,-8.9,49.3,127136,57341,10508
Valero Energy,9996,Energy,Petroleum Refining,San Antonio,TX,70166,-14.2,-42.6,46173,20024,2289
Target,323000,Retailing,General Merchandisers,Minneapolis,MN,69495,-5.8,-18.6,37431,10953,2737
Freddie Mac,5982,Financials,Diversified Financials,McLean,VA,65665,3.4,22.6,2023376,5075,7815
Lowe’s,240000,Retailing,Specialty Retailers: Other,Mooresville,NC,65017,10.1,21.5,34408,6434,3093
Dell Technologies,138000,Technology,"Computers, Office Equipment",Round Rock,TX,64806,18.1,21.5,118206,13243,-1672
MetLife,58000,Financials,"Insurance: Life, Health (Stock)",New York,NY,63476,-9.3,-84.9,898764,67309,800
Aetna,49500,Health Care,Health Care: Insurance and Managed Care,Hartford,CT,63155,4.7,-5,69146,17881,2271
PepsiCo,264000,"Food, Beverages & Tobacco",Food Consumer Products,Purchase,NY,62799,-0.4,16.1,74129,11095,6329
Archer Daniels Midland,31800,"Food, Beverages & Tobacco",Food Production,Chicago,IL,62346,-7.9,-30.8,39769,17173,1279
UPS,335520,Transportation,"Mail, Package, and Freight Delivery",Atlanta,GA,60906,4.4,-29.2,40377,405,3431
Intel,106000,Technology,Semiconductors and Other Electronic Components,Santa Clara,CA,59387,7.3,-9.7,113327,66226,10316
Prudential Financial,49739,Financials,"Insurance: Life, Health (Stock)",Newark,NJ,58779,2.9,-22.6,783962,45863,4368
Albertsons Cos.,274000,Food & Drug Stores,Food and Drug Stores,Boise,ID,58734,115.9,-22.6,23770,1613,-502.2
United Technologies,201600,Aerospace & Defense,Aerospace and Defense,Farmington,CT,57244,-6.2,-33.6,89706,27579,5055
Marathon Petroleum,44460,Energy,Petroleum Refining,Findlay,OH,55858,-13.5,-58.8,44413,13557,1174
Disney,195000,Media,Entertainment,Burbank,CA,55632,6,12,92033,43265,9391
Humana,51600,Health Care,Health Care: Insurance and Managed Care,Louisville,KY,54379,0.2,-51.9,25396,10685,614
Pfizer,96500,Health Care,Pharmaceuticals,New York,NY,52824,8.1,3.7,171615,59544,7215
AIG,56400,Financials,Insurance: Property and Casualty (Stock),New York,NY,52367,-10.2,-138.7,498264,76300,-849
Lockheed Martin,97000,Aerospace & Defense,Aerospace and Defense,Bethesda,MD,50658,9.8,47.1,47806,1511,5302
Sysco,51900,Wholesalers,Wholesalers: Food and Grocery,Houston,TX,50367,3.5,38.3,16722,3480,949.6
FedEx,335767,Transportation,"Mail, Package, and Freight Delivery",Memphis,TN,50365,6.1,73.3,46064,13784,1820
Hewlett Packard Enterprise,195000,Technology,Information Technology Services,Palo Alto,CA,50123,6.1,73.3,79679,31448,3161
Cisco Systems,73700,Technology,Network and Other Communications Equipment,San Jose,CA,49247,0.2,19.6,121652,63586,10739
HP,49000,Technology,"Computers, Office Equipment",Palo Alto,CA,48238,-53.3,-45.2,29010,-3889,2496
Dow Chemical,56000,Chemicals,Chemicals,Midland,MI,48158,-1.3,-43.8,79511,25987,4318
HCA Holdings,210500,Health Care,Health Care: Medical Facilities,Nashville,TN,44747,2.7,35.7,33758,-7302,2890
Coca-Cola,100300,"Food, Beverages & Tobacco",Beverages,Atlanta,GA,41863,-5.5,-11.2,87270,23062,6527
New York Life Insurance,11320,Financials,"Insurance: Life, Health (Mutual)",New York,NY,40787,-11.1,324.1,287196,20108,1088.1
Centene,30500,Health Care,Health Care: Insurance and Managed Care,St. Louis,MO,40721,78.6,58.3,20197,5895,562
American Airlines Group,122300,Transportation,Airlines,Fort Worth,TX,40180,-2,-64.8,51274,3785,2676
Nationwide,34320,Financials,Insurance: Property and Casualty (Mutual),Columbus,OH,40074,-0.4,-42.4,197790,15537,334.3
Merck,68000,Health Care,Pharmaceuticals,Kenilworth,NJ,39807,0.8,-11.8,95377,40088,3920
Cigna,41000,Health Care,Health Care: Insurance and Managed Care,Bloomfield,CT,39668,4.7,-10.8,59360,13723,1867
Delta Air Lines,83756,Transportation,Airlines,Atlanta,GA,39639,-2.6,-3.4,51261,12287,4373
Best Buy,125000,Retailing,Specialty Retailers: Other,Richfield,MN,39403,-0.9,36.9,13856,4709,1228
Honeywell International,131000,Industrials,"Electronics, Electrical Equipment",Morris Plains,NJ,39302,1.9,0.9,54146,19369,4809
Caterpillar,95400,Industrials,Construction and Farm Machinery,Peoria,IL,38537,-18,-103.2,74704,13137,-67
Liberty Mutual Insurance Group,50000,Financials,Insurance: Property and Casualty (Stock),Boston,MA,38308,-2.9,95.7,125592,20366,1006
Morgan Stanley,55311,Financials,Commercial Banks,New York,NY,37949,0.1,-2.4,814949,76050,5979
Massachusetts Mutual Life Insurance,11737,Financials,"Insurance: Life, Health (Mutual)",Springfield,MA,37788,-1.2,-10.6,271040,15424,1273.5
Goldman Sachs Group,34400,Financials,Commercial Banks,New York,NY,37712,-3.8,21.6,860165,86893,7398
Energy Transfer Equity,30992,Energy,Pipelines,Dallas,TX,37504,-11,-16.3,79011,-1694,995
TIAA,12997,Financials,"Insurance: Life, Health (Mutual)",New York,NY,37105,5.5,22.9,523194,35583,1492.3
Oracle,136000,Technology,Computer Software,Redwood City,CA,37047,-3.1,-10.4,112180,47289,8901
Tyson Foods,114000,"Food, Beverages & Tobacco",Food Production,Springdale,AR,36881,-10.9,44.9,22373,9608,1768
United Continental Holdings,88000,Transportation,Airlines,Chicago,IL,36556,-3.5,-69.2,40140,8659,2263
Allstate,43275,Financials,Insurance: Property and Casualty (Stock),Northbrook,IL,36534,2.5,-13.5,108610,20573,1877
Publix Super Markets,191000,Food & Drug Stores,Food and Drug Stores,Lakeland,FL,34274,5.1,3.1,17464,13473,2025.7
American Express,56400,Financials,Diversified Financials,New York,NY,33823,-1.8,4.7,158893,20501,5408
TJX,235000,Retailing,Specialty Retailers: Apparel,Framingham,MA,33184,7.2,0.9,12884,4511,2298.2
Nike,70700,Apparel,Apparel,Beaverton,OR,32376,5.8,14.9,21396,12258,3760
Exelon,34396,Energy,Utilities: Gas and Electric,Chicago,IL,31360,6.5,-50,114904,25837,1134
General Dynamics,98800,Aerospace & Defense,Aerospace and Defense,Falls Church,VA,31353,-0.4,-0.3,32872,10976,2955
Rite Aid,70580,Food & Drug Stores,Food and Drug Stores,Camp Hill,PA,30737,15.9,-92.2,11277,581,165.5
Gilead Sciences,9000,Health Care,Pharmaceuticals,Foster City,CA,30390,-6.9,-25.4,56977,18887,13501
CHS,12157,"Food, Beverages & Tobacco",Food Production,Inver Grove Heights,MN,30347,-12.2,-45.7,17318,7852,424.2
3M,91584,Industrials,Miscellaneous,St. Paul,MN,30109,-0.5,4.5,32906,10298,5050
Time Warner,25000,Media,Entertainment,New York,NY,29318,4.3,2.4,65966,24335,3926
Charter Communications,91500,Telecommunications,Telecommunications,Stamford,CT,29003,197.3,2.4,149067,40139,3522
Northwestern Mutual,5646,Financials,"Insurance: Life, Health (Mutual)",Milwaukee,WI,28799,2.4,0.4,250441,20226,818
Facebook,17048,Technology,Internet Services and Retailing,Menlo Park,CA,27638,54.2,177,64961,59194,10217
Travelers Cos.,30900,Financials,Insurance: Property and Casualty (Stock),New York,NY,27625,3.1,-12.4,100245,23221,3014
Capital One Financial,47300,Financials,Commercial Banks,McLean,VA,27519,9.6,-7.4,357033,47514,3751
Twenty-First Century Fox,21500,Media,Entertainment,New York,NY,27326,-5.7,-66.8,48365,13661,2755
USAA,29943,Financials,Insurance: Property and Casualty (Stock),San Antonio,TX,27131,11.4,-21.7,147290,28840,1779.1
World Fuel Services,5000,Energy,Energy,Miami,FL,27016,-11.1,-27.5,5413,1925,126.5
Philip Morris International,79500,"Food, Beverages & Tobacco",Tobacco,New York,NY,26685,-0.4,1.4,36851,-12688,6967
Deere,56767,Industrials,Construction and Farm Machinery,Moline,IL,26644,-7.7,-21.4,57981,6520,1523.9
Kraft Heinz,41000,"Food, Beverages & Tobacco",Food Consumer Products,Pittsburgh,PA,26487,44.4,472.9,120480,57358,3632
Tech Data,9500,Wholesalers,Wholesalers: Electronics and Office Equipment,Clearwater,FL,26235,-0.5,-26.6,7932,2170,195.1
Avnet,17700,Wholesalers,Wholesalers: Electronics and Office Equipment,Phoenix,AZ,26219,-6.1,-11.4,11240,4691,506.5
Mondelez International,90000,"Food, Beverages & Tobacco",Food Consumer Products,Deerfield,IL,25923,-12.5,-77.2,61538,25161,1659
Macy’s,148300,Retailing,General Merchandisers,Cincinnati,OH,25778,-4.8,-42.3,19851,4323,619
AbbVie,30000,Health Care,Pharmaceuticals,North Chicago,IL,25638,12.2,15.7,66099,4636,5953
McDonald’s,375000,"Hotels, Restaurants & Leisure",Food Services,Oak Brook,IL,24622,-3.1,3.5,31024,-2204,4686.5
DuPont,46000,Chemicals,Chemicals,Wilmington,DE,24594,-12,28.7,39964,9998,2513
Northrop Grumman,67000,Aerospace & Defense,Aerospace and Defense,Falls Church,VA,24508,4.2,10.6,25614,5259,2200
ConocoPhillips,13300,Energy,"Mining, Crude-Oil Production",Houston,TX,24360,-21.3,10.6,89772,34974,-3615
Raytheon,63000,Aerospace & Defense,Aerospace and Defense,Waltham,MA,24069,3.5,6.6,30052,10066,2211
Tesoro,6308,Energy,Petroleum Refining,San Antonio,TX,24005,-14.7,-52.3,20398,5465,734
Arrow Electronics,18700,Wholesalers,Wholesalers: Electronics and Office Equipment,Centennial,CO,23825,2.3,5,14206,4413,522.8
Qualcomm,30500,Technology,Semiconductors and Other Electronic Components,San Diego,CA,23554,-6.8,8.2,52359,31778,5705
Progressive,31721,Financials,Insurance: Property and Casualty (Stock),Mayfield Village,OH,23441,12.4,-18.7,33428,7957,1031
Duke Energy,28798,Energy,Utilities: Gas and Electric,Charlotte,NC,23369,-1,-23.6,132761,41033,2152
Enterprise Products Partners,6800,Energy,Pipelines,Houston,TX,23022,-14.8,-0.3,52194,22047,2513.1
Amgen,19200,Health Care,Pharmaceuticals,Thousand Oaks,CA,22991,6.1,11.3,77626,29875,7722
US Foods Holding,25000,Wholesalers,Wholesalers: Food and Grocery,Rosemont,IL,22919,-0.9,25.2,8945,2538,209.8
U.S. Bancorp,71191,Financials,Commercial Banks,Minneapolis,MN,22744,5.8,0.2,445964,47298,5888
Aflac,10212,Financials,"Insurance: Life, Health (Stock)",Columbus,GA,22559,8.1,5,129819,20482,2659
Sears Holdings,140000,Retailing,General Merchandisers,Hoffman Estates,IL,22138,-12,5,9362,-3824,-2221
Dollar General,121000,Retailing,Specialty Retailers: Other,Goodlettsville,TN,21987,7.9,7.4,11672,5406,1251.1
AutoNation,26000,Retailing,"Automotive Retailing, Services",Fort Lauderdale,FL,21609,3.6,-2.7,10060,2310,430.5
Community Health Systems,108000,Health Care,Health Care: Medical Facilities,Franklin,TN,21374,-5.8,"-1,189.20",21944,1615,-1721
Starbucks,254000,"Hotels, Restaurants & Leisure",Food Services,Seattle,WA,21316,11.2,2.2,14330,5884,2817.7
Eli Lilly,41975,Health Care,Pharmaceuticals,Indianapolis,IN,21222,6.3,13.7,38806,14008,2737.6
International Paper,55000,Materials,"Packaging, Containers",Memphis,TN,21079,-5.8,-3.6,33345,4341,904
Tenet Healthcare,116475,Health Care,Health Care: Medical Facilities,Dallas,TX,21070,4.8,-3.6,24701,417,-192
Abbott Laboratories,75000,Health Care,Medical Products and Equipment,Abbott Park,IL,20853,0.9,-68.3,52666,20538,1400
Dollar Tree,116050,Retailing,Specialty Retailers: Other,Chesapeake,VA,20719,33.7,217.4,15702,5390,896.2
Whirlpool,93000,Industrials,"Electronics, Electrical Equipment",Benton Harbor,MI,20718,-0.8,13.4,19153,4773,888
Southwest Airlines,53536,Transportation,Airlines,Dallas,TX,20425,3.1,2.9,23286,8441,2244
Emerson Electric,103500,Industrials,"Electronics, Electrical Equipment",St. Louis,MO,20268,-9.1,-39.7,21743,7568,1635
Staples,61503,Retailing,Specialty Retailers: Other,Framingham,MA,20217,-4,-494.8,8271,3688,-1497
Plains GP Holdings,5100,Energy,Pipelines,Houston,TX,20182,-12.8,-20.3,26103,1737,94
Penske Automotive Group,24000,Retailing,"Automotive Retailing, Services",Bloomfield Hills,MI,20143,4,5.2,8861,1751,342.9
Union Pacific,42919,Transportation,Railroads,Omaha,NE,19941,-8.6,-11.3,55718,19932,4233
Danaher,62000,Technology,"Scientific, Photographic and Control Equipment",Washington,DC,19912,-4.8,-23.9,45295,23003,2553.7
Southern,32015,Energy,Utilities: Gas and Electric,Atlanta,GA,19896,13.8,3.4,109697,24758,2448
ManpowerGroup,28000,Business Services,Temporary Help,Milwaukee,WI,19654,1.7,5.8,7574,2362,443.7
Bristol-Myers Squibb,25000,Health Care,Pharmaceuticals,New York,NY,19427,17.3,184.8,33707,16177,4457
Altria Group,8300,"Food, Beverages & Tobacco",Tobacco,Richmond,VA,19337,2.6,171.7,45932,12770,14239
Fluor,61551,Engineering & Construction,"Engineering, Construction",Irving,TX,19037,5.1,-31.8,9216,3125,281.4
Kohl’s,85000,Retailing,General Merchandisers,Menomonee Falls,WI,18686,-2.7,-17.4,13574,5177,556
Lear,148400,Motor Vehicles & Parts,Motor Vehicles and Parts,Southfield,MI,18558,1.9,30.8,9901,3057,975.1
Jabil Circuit,138000,Technology,Semiconductors and Other Electronic Components,St. Petersburg,FL,18353,2.5,-10.5,10323,2438,254.1
Hartford Financial Services Group,16900,Financials,Insurance: Property and Casualty (Stock),Hartford,CT,18300,-0.4,-46.7,223432,16903,896
Thermo Fisher Scientific,54800,Technology,"Scientific, Photographic and Control Equipment",Waltham,MA,18274,7.7,2.3,45908,21539,2021.8
Kimberly-Clark,42000,Household Products,Household and Personal Products,Irving,TX,18202,-2.1,113.8,14602,-102,2166
Molina Healthcare,21000,Health Care,Health Care: Insurance and Managed Care,Long Beach,CA,17782,25.4,-63.6,7449,1649,52
PG&E Corp.,24000,Energy,Utilities: Gas and Electric,San Francisco,CA,17666,4.9,59.4,68598,17940,1393
Supervalu,38000,Food & Drug Stores,Food and Drug Stores,Eden Prairie,MN,17529,-1.6,-7.3,4370,-441,178
Cummins,55400,Industrials,Industrial Machinery,Columbus,IN,17509,-8.4,-0.4,15011,6875,1394
CenturyLink,40000,Telecommunications,Telecommunications,Monroe,LA,17470,-2.4,-28.7,47017,13399,626
AECOM,87000,Engineering & Construction,"Engineering, Construction",Los Angeles,CA,17411,-3.2,-28.7,13727,3367,96.1
Xerox,133600,Technology,Computer Peripherals,Norwalk,CT,17126,-8.2,-200.6,18145,4803,-477
Marriott International,226500,"Hotels, Restaurants & Leisure","Hotels, Casinos, Resorts",Bethesda,MD,17072,17.9,-9.2,24140,5357,780
Paccar,23000,Industrials,Construction and Farm Machinery,Bellevue,WA,17033,-10.9,-67.5,20639,6778,521.7
General Mills,39000,"Food, Beverages & Tobacco",Food Consumer Products,Minneapolis,MN,16563,-6.1,39,21712,4930,1697.4
PNC Financial Services Group,50683,Financials,Commercial Banks,Pittsburgh,PA,16423,0.9,-4.9,366380,45699,3903
American Electric Power,17634,Energy,Utilities: Gas and Electric,Columbus,OH,16380,-3.1,-70.2,63468,17397,610.9
Icahn Enterprises,90980,Financials,Diversified Financials,New York,NY,16348,7,-70.2,33335,2154,-1128
Nucor,23900,Materials,Metals,Charlotte,NC,16208,-1.4,122.6,15224,7880,796.3
NextEra Energy,14700,Energy,Utilities: Gas and Electric,Juno Beach,FL,16155,-7.6,5.8,89993,24341,2912
Performance Food Group,13000,Wholesalers,Wholesalers: Food and Grocery,Richmond,VA,16105,5.5,20.9,3455,803,68.3
PBF Energy,3165,Energy,Petroleum Refining,Parsippany,NJ,15920,21.3,16.7,7622,2025,170.8
Halliburton,50000,Energy,"Oil and Gas Equipment, Services",Houston,TX,15887,-32.8,16.7,27000,9409,-5763
CarMax,22429,Retailing,"Automotive Retailing, Services",Richmond,VA,15833,6.4,4.4,14482,2905,623.4
Freeport-McMoRan,30000,Energy,"Mining, Crude-Oil Production",Phoenix,AZ,15789,-0.6,4.4,37317,6051,-4154
Whole Foods Market,73515,Food & Drug Stores,Food and Drug Stores,Austin,TX,15724,2.2,-5.4,6341,3224,507
Bank of New York Mellon,52000,Financials,Commercial Banks,New York,NY,15683,1,12.3,333469,38811,3547
Gap,135000,Retailing,Specialty Retailers: Apparel,San Francisco,CA,15516,-1.8,-26.5,7610,2904,676
Omnicom Group,78500,Business Services,"Advertising, Marketing",New York,NY,15417,1.9,5,23165,2162,1148.6
Genuine Parts,40000,Wholesalers,Wholesalers: Diversified,Atlanta,GA,15340,0.4,-2.6,8859,3194,687.2
DaVita,70300,Health Care,Health Care: Medical Facilities,Denver,CO,15197,6.9,226.2,18741,4648,879.9
Colgate-Palmolive,36700,Household Products,Household and Personal Products,New York,NY,15195,-5.2,76.4,12123,-243,2441
PPG Industries,47000,Chemicals,Chemicals,Pittsburgh,PA,15178,-1,-37.6,15769,4826,877
Goodyear Tire & Rubber,66000,Motor Vehicles & Parts,Motor Vehicles and Parts,Akron,OH,15158,-7.8,311.7,16511,4507,1264
Synchrony Financial,15000,Financials,Diversified Financials,Stamford,CT,15122,11,1.7,90207,14196,2251
DISH Network,16000,Telecommunications,Telecommunications,Englewood,CO,15095,0.2,94.1,28092,4637,1449.9
Visa,14200,Business Services,Financial Data Services,Foster City,CA,15082,8.7,-5.3,64035,32912,5991
Nordstrom,72500,Retailing,General Merchandisers,Seattle,WA,14757,2.2,-41,7858,870,354
INTL FCStone,1464,Financials,Diversified Financials,New York,NY,14755,-57.5,-1.8,5951,434,54.7
WestRock,39000,Materials,"Packaging, Containers",Richmond,VA,14706,29.2,-178.2,23038,9729,-396.3
XPO Logistics,87000,Transportation,Transportation and Logistics,Greenwich,CT,14619,91.8,-178.2,11698,2700,69
Aramark,217250,Business Services,Diversified Outsourcing Services,Philadelphia,PA,14416,0.6,22,10582,2161,287.8
CBS,18410,Media,Entertainment,New York,NY,14386,3.6,-10.8,24238,3689,1261
AES,19000,Energy,Utilities: Gas and Electric,Arlington,VA,14287,-4.5,-469.3,36119,2794,-1130
WellCare Health Plans,7400,Health Care,Health Care: Insurance and Managed Care,Tampa,FL,14237,2.5,104.1,6153,2000,242.1
FirstEnergy,15707,Energy,Utilities: Gas and Electric,Akron,OH,14156,-3.1,"-1,168.70",43148,6241,-6177
Conagra Brands,20900,"Food, Beverages & Tobacco",Food Consumer Products,Chicago,IL,14134,-10.8,"-1,168.70",13391,3714,-677
Synnex,110000,Wholesalers,Wholesalers: Electronics and Office Equipment,Fremont,CA,14062,5.4,12.7,5223,1976,234.9
CDW,8516,Technology,Information Technology Services,Lincolnshire,IL,13982,7.6,5.3,6948,1046,424.4
Textron,36000,Aerospace & Defense,Aerospace and Defense,Providence,RI,13788,2.7,38,15358,5574,962
Waste Management,41200,Business Services,Waste Management,Houston,TX,13609,5,57,20859,5297,1182
Illinois Tool Works,50000,Industrials,Industrial Machinery,Glenview,IL,13599,1.4,7.2,15201,4254,2035
Office Depot,38000,Retailing,Specialty Retailers: Other,Boca Raton,FL,13585,-6.2,"6,512.50",5540,1852,529
Monsanto,22450,Chemicals,Chemicals,St. Louis,MO,13502,-10,-42.3,19736,4534,1336
Cognizant Technology Solutions,260200,Technology,Information Technology Services,Teaneck,NJ,13487,8.6,-4.3,14262,10728,1553
Texas Instruments,29865,Technology,Semiconductors and Other Electronic Components,Dallas,TX,13370,2.8,20.4,16431,10473,3595
Lincoln National,9057,Financials,"Insurance: Life, Health (Stock)",Radnor,PA,13330,-1.8,3.3,261627,14478,1192
Newell Brands,53400,Household Products,"Home Equipment, Furnishings",Hoboken,NJ,13264,122.1,50.8,33838,11349,527.8
Land O’Lakes,10000,"Food, Beverages & Tobacco",Food Consumer Products,Arden Hills,MN,13233,0.6,-20.4,8305,1904,244.9
Marsh & McLennan,60000,Financials,Diversified Financials,New York,NY,13211,2.5,10.6,18190,6192,1768
Ecolab,47565,Chemicals,Chemicals,St. Paul,MN,13153,-2.9,22.7,18330,6901,1229.6
C.H. Robinson Worldwide,14125,Transportation,Transportation and Logistics,Eden Prairie,MN,13144,-2.5,0.7,3688,1258,513.4
Loews,15800,Financials,Insurance: Property and Casualty (Stock),New York,NY,13105,-2.3,151.5,76594,18163,654
CBRE Group,75000,Financials,Real Estate,Los Angeles,CA,13072,20.4,4.5,10780,3015,572
Kinder Morgan,11121,Energy,Pipelines,Houston,TX,13058,-9.3,179.8,80305,34431,708
Kellogg,37369,"Food, Beverages & Tobacco",Food Consumer Products,Battle Creek,MI,13014,-3.8,13,15111,1910,694
Western Digital,72878,Technology,Computer Peripherals,Irvine,CA,12994,-10.8,-83.5,32862,11145,242
Guardian Life Ins. Co. of America,8876,Financials,"Insurance: Life, Health (Mutual)",New York,NY,12919,2.3,-35.7,70339,6172.5,263.9
Ross Stores,78600,Retailing,Specialty Retailers: Apparel,Dublin,CA,12867,7.8,9.5,5309,2748,1117.7
L Brands,59100,Retailing,Specialty Retailers: Apparel,Columbus,OH,12574,3.5,-7.6,8170,-729,1158.1
J.C. Penney,106000,Retailing,General Merchandisers,Plano,TX,12547,-0.6,-7.6,9314,1354,1
Farmers Insurance Exchange,13309,Financials,Insurance: Property and Casualty (Mutual),Woodland Hills,CA,12513,-0.9,-7.6,16057,4219,-147.9
Reynolds American,5525,"Food, Beverages & Tobacco",Tobacco,Winston-Salem,NC,12503,17.1,86.7,51095,21711,6073
Viacom,9650,Media,Entertainment,New York,NY,12488,-5.9,-25.2,22508,4277,1438
Becton Dickinson,50928,Health Care,Medical Products and Equipment,Franklin Lakes,NJ,12483,21.4,40.4,25586,7633,976
Micron Technology,31400,Technology,Semiconductors and Other Electronic Components,Boise,ID,12399,-23.4,-109.5,27540,12080,-276
Principal Financial,14854,Financials,"Insurance: Life, Health (Stock)",Des Moines,IA,12394,3.6,6.7,228014,10227,1316.5
Arconic,41500,Aerospace & Defense,Aerospace and Defense,New York,NY,12394,-45,6.7,20038,5115,-941
NRG Energy,8763,Energy,Energy,Princeton,NJ,12351,-15.8,6.7,30355,2041,-774
VF,69000,Apparel,Apparel,Greensboro,NC,12207,-1.4,-12.8,9739,4941,1074.1
Devon Energy,3545,Energy,"Mining, Crude-Oil Production",Oklahoma City,OK,12197,-7.2,-12.8,25913,5927,-3302
D.R. Horton,6976,Engineering & Construction,Homebuilders,Fort Worth,TX,12157,12.3,18.1,11559,6793,886.3
Bed Bath & Beyond,62000,Retailing,Specialty Retailers: Other,Union,NJ,12104,1.9,-12.1,6499,2560,841.5
Consolidated Edison,14960,Energy,Utilities: Gas and Electric,New York,NY,12075,-3.8,4.4,48255,14298,1245
Edison International,12390,Energy,Utilities: Gas and Electric,Rosemead,CA,11869,3,28.5,51319,11996,1311
Sherwin-Williams,42550,Chemicals,Chemicals,Cleveland,OH,11856,4.6,7.5,6753,1878,1132.7
NGL Energy Partners,3200,Energy,Energy,Tulsa,OK,11742,-30.1,-633.2,5560,1656,-198.9
Dominion Energy,16200,Energy,Utilities: Gas and Electric,Richmond,VA,11737,0.5,11.8,71610,14605,2123
Ameriprise Financial,13195,Financials,Diversified Financials,Minneapolis,MN,11735,-3.8,-15.9,139821,6292,1314
ADP,57000,Business Services,Diversified Outsourcing Services,Roseland,NJ,11668,1.7,2.8,43670,4482,1492.5
Hilton Worldwide Holdings,169000,"Hotels, Restaurants & Leisure","Hotels, Casinos, Resorts",McLean,VA,11663,3.5,-75.2,26211,5899,348
First Data,24000,Business Services,Financial Data Services,Atlanta,GA,11584,1.2,-75.2,40292,1220,420
Henry Schein,21000,Wholesalers,Wholesalers: Health Care,Melville,NY,11572,8.9,5.8,6730,2793,506.8
Toys “R” Us,64000,Retailing,Specialty Retailers: Other,Wayne,NJ,11540,-2.2,5.8,6908,-1292,-36
BB&T Corp.,37500,Financials,Commercial Banks,Winston-Salem,NC,11538,11.5,16.4,219276,29881,2426
Reinsurance Group of America,2371,Financials,"Insurance: Life, Health (Stock)",Chesterfield,MO,11522,10.6,39.7,53098,7093.1,701.4
Core-Mark Holding,7688,Wholesalers,Wholesalers: Food and Grocery,South San Francisco,CA,11507,29.9,5.2,1497,530,54.2
Biogen,7400,Health Care,Pharmaceuticals,Cambridge,MA,11449,6.4,4.4,22877,12140,3702.8
Las Vegas Sands,49000,"Hotels, Restaurants & Leisure","Hotels, Casinos, Resorts",Las Vegas,NV,11410,-2.4,-15.1,20469,6177,1670
Stanley Black & Decker,54023,Household Products,"Home Equipment, Furnishings",New Britain,CT,11407,1.7,9.2,15635,6367,965.3
Parker-Hannifin,48950,Industrials,Industrial Machinery,Cleveland,OH,11361,-10.6,-20.3,12057,4575,806.8
Stryker,33000,Health Care,Medical Products and Equipment,Kalamazoo,MI,11325,13.9,14.5,20435,9550,1647
Estee Lauder,46000,Household Products,Household and Personal Products,New York,NY,11262,4.5,2.4,9223,3572,1114.6
Celgene,7132,Health Care,Pharmaceuticals,Summit,NJ,11229,21.3,24.8,28086,6599,1999.2
BlackRock,13000,Financials,Securities,New York,NY,11155,-2.2,-5.2,220177,29098,3172
Xcel Energy,11476,Energy,Utilities: Gas and Electric,Minneapolis,MN,11107,0.7,14.1,41155,11021,1123.4
CSX,26628,Transportation,Railroads,Jacksonville,FL,11069,-6.3,-12.9,35414,11679,1714
Unum Group,9400,Financials,"Insurance: Life, Health (Stock)",Chattanooga,TN,11047,2.9,7.4,61942,8968,931.4
Jacobs Engineering Group,49350,Engineering & Construction,"Engineering, Construction",Dallas,TX,10964,-9.5,-30.5,7360,4265,210.5
Lennar,8335,Engineering & Construction,Homebuilders,Miami,FL,10950,15.6,13.6,15362,7026,911.8
Group 1 Automotive,13500,Retailing,"Automotive Retailing, Services",Houston,TX,10888,2.4,56.5,4462,930,147.1
Leucadia National,13000,Financials,Diversified Financials,New York,NY,10875,-6.9,-54.2,45071,10128,130
Entergy,13513,Energy,Utilities: Gas and Electric,New Orleans,LA,10846,-5.8,-54.2,45904,8082,-583.6
PayPal Holdings,18100,Business Services,Financial Data Services,San Jose,CA,10842,17.2,14.1,33103,14712,1401
Applied Materials,16150,Technology,Semiconductors and Other Electronic Components,Santa Clara,CA,10825,12.1,25,14588,7217,1721
Voya Financial,6700,Financials,Diversified Financials,New York,NY,10782,-4.9,-204.8,214235,12994,-428
Mastercard,11900,Business Services,Financial Data Services,Purchase,NY,10776,11.5,6.6,18675,5656,4059
Priceline Group,18500,Technology,Internet Services and Retailing,Norwalk,CT,10743,16.5,-16.3,19839,9820,2135
Liberty Interactive,21080,Retailing,Internet Services and Retailing,Englewood,CO,10647,6.6,42.1,20355,6772,1235
AutoZone,66780,Retailing,Specialty Retailers: Other,Memphis,TN,10636,4.4,7,8600,-1788,1241
State Street Corp.,33783,Financials,Commercial Banks,Boston,MA,10635,-1.2,8.2,242698,21219,2143
DTE Energy,10000,Energy,Utilities: Gas and Electric,Detroit,MI,10630,2.8,19.4,32041,9011,868
L3 Technologies,38000,Aerospace & Defense,Aerospace and Defense,New York,NY,10597,-8.3,19.4,11865,4553,710
HollyFrontier,2676,Energy,Petroleum Refining,Dallas,TX,10536,-20.4,-135.2,9436,4681,-260.5
Praxair,26498,Chemicals,Chemicals,Danbury,CT,10534,-2.2,-3,19332,5021,1500
Universal Health Services,70863,Health Care,Health Care: Medical Facilities,King of Prussia,PA,10508,7.4,3.2,10318,4533,702.4
Discover Financial Services,15549,Financials,Commercial Banks,Riverwoods,IL,10497,4.9,4.2,92308,11323,2393
Occidental Petroleum,11000,Energy,"Mining, Crude-Oil Production",Houston,TX,10398,-18.1,4.2,43109,21497,-574
United States Steel,29800,Materials,Metals,Pittsburgh,PA,10261,-11.3,4.2,9160,2274,-440
Sempra Energy,16575,Energy,Utilities: Gas and Electric,San Diego,CA,10183,-0.5,1.6,47786,12951,1370
Baxter International,48000,Health Care,Medical Products and Equipment,Deerfield,IL,10163,2,412.9,15546,8290,4965
W.W. Grainger,25000,Wholesalers,Wholesalers: Diversified,Lake Forest,IL,10137,1.6,-21.2,5694,1798,605.9
Autoliv,65900,Motor Vehicles & Parts,Motor Vehicles and Parts,Auburn Hills,MI,10074,9.9,24.1,8234,3677,567.1
Norfolk Southern,27856,Transportation,Railroads,Norfolk,VA,9888,-5.9,7.2,34892,12409,1668
Baker Hughes,33000,Energy,"Oil and Gas Equipment, Services",Houston,TX,9841,-37.5,7.2,19034,12656,-2738
Ally Financial,7600,Financials,Diversified Financials,Detroit,MI,9835,3.1,-17.2,163728,13317,1067
Sonic Automotive,9800,Retailing,"Automotive Retailing, Services",Charlotte,NC,9732,1.1,8,3639,725,93.2
Owens & Minor,7900,Wholesalers,Wholesalers: Health Care,Mechanicsville,VA,9723,-0.5,5.2,2718,960,108.8
Huntsman,15000,Chemicals,Chemicals,The Woodlands,TX,9657,-6.2,250.5,9189,1287,326
Laboratory Corp. of America,52000,Health Care,Health Care: Pharmacy and Other Services,Burlington,NC,9642,11.1,67.6,14247,5506,732.1
Murphy USA,6600,Retailing,Specialty Retailers: Other,El Dorado,AR,9633,-11.5,25.6,2089,697,221.5
Advance Auto Parts,57500,Retailing,Specialty Retailers: Other,Roanoke,VA,9568,-1.7,-2.9,8315,2916,459.6
Fidelity National Financial,55219,Financials,Insurance: Property and Casualty (Stock),Jacksonville,FL,9554,4.6,23.3,14463,5996,650
Air Products & Chemicals,18450,Chemicals,Chemicals,Allentown,PA,9524,-3.7,-50.6,18055,7080,631.1
Hormel Foods,21100,"Food, Beverages & Tobacco",Food Consumer Products,Austin,MN,9523,2.8,29.7,6370,4448,890.1
Hertz Global Holdings,36000,Retailing,"Automotive Retailing, Services",Estero,FL,9480,-10,-279.9,19155,1075,-491
MGM Resorts International,66500,"Hotels, Restaurants & Leisure","Hotels, Casinos, Resorts",Las Vegas,NV,9455,2.9,-279.9,28173,6220,1101.4
Corning,40700,Industrials,"Electronics, Electrical Equipment",Corning,NY,9390,3.1,176,27899,17893,3695
Republic Services,33000,Business Services,Waste Management,Phoenix,AZ,9388,3,-18.3,20630,7691,612.6
Alcoa,14000,Materials,Metals,New York,NY,9318,3,-18.3,16741,5654,-400
Fidelity National Information Services,55000,Business Services,Financial Data Services,Jacksonville,FL,9241,40.1,-10.1,26031,9741,568
Pacific Life,3628,Financials,"Insurance: Life, Health (Stock)",Newport Beach,CA,9169,6.1,24.7,143298,11022,824
SunTrust Banks,24375,Financials,Commercial Banks,Atlanta,GA,9161,7.4,-2.8,204875,23515,1878
LKQ,42500,Wholesalers,Wholesalers: Diversified,Chicago,IL,9082,26.3,9.6,8303,3442.9,464
BorgWarner,27000,Motor Vehicles & Parts,Motor Vehicles and Parts,Auburn Hills,MI,9071,13.1,-80.6,8835,3218.3,118.5
Ball,18450,Materials,"Packaging, Containers",Broomfield,CO,9061,13.3,-6.4,16173,3435,263
CST Brands,12380,Retailing,Specialty Retailers: Other,San Antonio,TX,9061,-4.6,117.4,4360,1229,324
Public Service Enterprise Group,13065,Energy,Utilities: Gas and Electric,Newark,NJ,9061,-13,-47.2,40070,13130,887
Eastman Chemical,14000,Chemicals,Chemicals,Kingsport,TN,9008,-6.6,0.7,15457,4532,854
eBay,12600,Technology,Internet Services and Retailing,San Jose,CA,8979,-5.4,321.2,23847,10539,7266
Mohawk Industries,37800,Household Products,"Home Equipment, Furnishings",Calhoun,GA,8959,11,51.2,10231,5777,930.4
Oneok,2384,Energy,Pipelines,Tulsa,OK,8921,14.9,43.7,16139,189,352
Frontier Communications,28332,Telecommunications,Telecommunications,Norwalk,CT,8896,59.5,43.7,29013,4519,-373
Netflix,3850,Technology,Internet Services and Retailing,Los Gatos,CA,8831,30.3,52.2,13587,2680,186.7
American Family Insurance Group,10471,Financials,Insurance: Property and Casualty (Stock),Madison,WI,8829,6.6,-53.1,22662,7760,325.6
Thrivent Financial for Lutherans,3282,Financials,"Insurance: Life, Health (Mutual)",Minneapolis,MN,8777,-0.1,-23.6,88561,7726,587.8
Expedia,20075,Technology,Internet Services and Retailing,Bellevue,WA,8774,31.5,-63.1,15778,4132,281.8
Lithia Motors,11170,Retailing,"Automotive Retailing, Services",Medford,OR,8678,10.3,7.7,3844,911,197.1
Avis Budget Group,25600,Retailing,"Automotive Retailing, Services",Parsippany,NJ,8659,1.8,-47.9,17643,221,163
Reliance Steel & Aluminum,14500,Materials,Metals,Los Angeles,CA,8613,-7.9,-2.3,7411,4149,304.3
GameStop,41750,Retailing,Specialty Retailers: Other,Grapevine,TX,8608,-8.1,-12.3,4976,2254,353.2
Tenneco,31000,Motor Vehicles & Parts,Motor Vehicles and Parts,Lake Forest,IL,8599,4.8,47,4342,588,363
O’Reilly Automotive,58397,Retailing,Specialty Retailers: Other,Springfield,MO,8593,7.9,11.4,7204,1627,1037.7
Peter Kiewit Sons’,20000,Engineering & Construction,"Engineering, Construction",Omaha,NE,8573,-4.7,57.8,6179,3268,396
United Natural Foods,9554,Wholesalers,Wholesalers: Food and Grocery,Providence,RI,8470,3.5,-9.3,2852,1520,125.8
salesforce.com,25000,Technology,Computer Software,San Francisco,CA,8392,25.9,-9.3,17585,7500,179.6
Boston Scientific,27000,Health Care,Medical Products and Equipment,Marlborough,MA,8386,12.2,-9.3,18096,6733,347
Newmont Mining,12438,Energy,"Mining, Crude-Oil Production",Greenwood Village,CO,8379,8.4,-385,21031,10721,-627
Genworth Financial,3400,Financials,"Insurance: Life, Health (Stock)",Richmond,VA,8369,-9.5,-385,104658,12644,-277
Live Nation Entertainment,11500,Media,Entertainment,Beverly Hills,CA,8355,15.3,-385,6764,1126,2.9
Veritiv,8700,Wholesalers,Wholesalers: Diversified,Atlanta,GA,8327,-4.5,-21.3,2484,542,21
News Corp.,24000,Media,"Publishing, Printing",New York,NY,8319,-3.6,-21.3,15483,11564,179
Crown Holdings,23992,Materials,"Packaging, Containers",Philadelphia,PA,8284,-5.5,26.2,9599,366,496
Global Partners,1770,Wholesalers,Wholesalers: Diversified,Waltham,MA,8240,-20.1,-557.8,2564,393,-199.4
PVH,26650,Apparel,Apparel,New York,NY,8203,2.3,-4.1,11068,4805,549
Level 3 Communications,12600,Telecommunications,Telecommunications,Broomfield,CO,8172,-0.7,-80.3,24888,10917,677
Navistar International,11300,Industrials,Construction and Farm Machinery,Lisle,IL,8111,-20,-80.3,5653,-5298,-97
Univar,8700,Wholesalers,Wholesalers: Diversified,Downers Grove,IL,8074,-10.1,-514.5,5390,810,-68.4
Campbell Soup,16500,"Food, Beverages & Tobacco",Food Consumer Products,Camden,NJ,7961,-1.5,-18.5,7837,1525,563
Dick’s Sporting Goods,27550,Retailing,Specialty Retailers: Other,Coraopolis,PA,7922,9,-13,4058,1930,287.4
Weyerhaeuser,10400,Materials,Forest and Paper Products,Seattle,WA,7902,11.6,103,19243,9180,1027
Mutual of Omaha Insurance,5732,Financials,"Insurance: Life, Health (Stock)",Omaha,NE,7899,9.2,7.1,38465,5618,356.6
Chesapeake Energy,3300,Energy,"Mining, Crude-Oil Production",Oklahoma City,OK,7872,-38.3,7.1,13028,-1460,-4401
Anadarko Petroleum,4500,Energy,"Mining, Crude-Oil Production",The Woodlands,TX,7869,-9.5,7.1,45564,12212,-3071
Interpublic Group,49800,Business Services,"Advertising, Marketing",New York,NY,7847,3.1,33.9,12485,2017,608.5
J.M. Smucker,6910,"Food, Beverages & Tobacco",Food Consumer Products,Orrville,OH,7811,37.2,99.7,15984,7009,688.7
Steel Dynamics,7695,Materials,Metals,Fort Wayne,IN,7777,2.4,99.7,6424,2927,382.1
Foot Locker,32965,Retailing,Specialty Retailers: Apparel,New York,NY,7766,4.8,22.7,3840,2710,664
Western Refining,7134,Energy,Petroleum Refining,El Paso,TX,7743,-20.9,-69.3,5560,1697,124.9
SpartanNash,11500,Wholesalers,Wholesalers: Food and Grocery,Byron Center,MI,7735,1.1,-9.4,1930,825,56.8
Dean Foods,17000,"Food, Beverages & Tobacco",Food Consumer Products,Dallas,TX,7710,-5.1,-9.4,2606,611,119.9
Zimmer Biomet Holdings,18500,Health Care,Medical Products and Equipment,Warsaw,IN,7684,28.1,108.1,26684,9669,305.9
PulteGroup,4623,Engineering & Construction,Homebuilders,Atlanta,GA,7669,28.2,22,10178,4659,602.7
W.R. Berkley,7608,Financials,Insurance: Property and Casualty (Stock),Greenwich,CT,7654,6.2,19.5,23365,5047,601.9
Quanta Services,28100,Engineering & Construction,"Engineering, Construction",Houston,TX,7651,0.2,-36.2,5354,3339,198.4
EOG Resources,2650,Energy,"Mining, Crude-Oil Production",Houston,TX,7651,-12.6,-36.2,29459,13982,-1096.7
Charles Schwab,16200,Financials,Securities,San Francisco,CA,7644,17.6,30.5,223383,16421,1889
Eversource Energy,7762,Energy,Utilities: Gas and Electric,Springfield,MA,7639,-4,7.3,32053,10712,942.3
Anixter International,8900,Wholesalers,Wholesalers: Electronics and Office Equipment,Glenview,IL,7625,15.6,-5.6,4094,1292,120.5
EMCOR Group,31000,Engineering & Construction,"Engineering, Construction",Norwalk,CT,7552,12.3,5.6,3894,1537,181.9
Assurant,14700,Financials,Insurance: Property and Casualty (Stock),New York,NY,7532,-27.1,299.4,29709,4098,565.4
CenterPoint Energy,7727,Energy,Utilities: Gas and Electric,Houston,TX,7528,1.9,299.4,21829,3460,432
Harris,21000,Technology,Network and Other Communications Equipment,Melbourne,FL,7527,48.1,-3,11996,3056,324
HD Supply Holdings,14000,Wholesalers,Wholesalers: Diversified,Atlanta,GA,7524,-14.3,-86.7,5707,960,196
PPL,12689,Energy,Utilities: Gas and Electric,Allentown,PA,7517,-2,178.9,38315,9899,1902
Quest Diagnostics,43000,Health Care,Health Care: Pharmacy and Other Services,Madison,NJ,7515,0.3,-9,10100,4628,645
Williams,5604,Energy,Energy,Tulsa,OK,7499,1.9,-9,46835,4643,-424
WEC Energy Group,8074,Energy,Utilities: Gas and Electric,Milwaukee,WI,7472,26.1,47.1,30123,8930,939
Hershey,17140,"Food, Beverages & Tobacco",Food Consumer Products,Hershey,PA,7440,0.7,40.4,5524,786,720
AGCO,19795,Industrials,Construction and Farm Machinery,Duluth,GA,7411,-0.8,-39.9,7168,2776,160.1
Ralph Lauren,20500,Apparel,Apparel,New York,NY,7405,-2.8,-43.6,6213,3744,396
Masco,26000,Household Products,"Home Equipment, Furnishings",Taylor,MI,7357,-6.9,38.3,5137,-298,491
WESCO International,9000,Wholesalers,Wholesalers: Diversified,Pittsburgh,PA,7336,-2.4,-51.8,4491,2013,101.6
LifePoint Health,47000,Health Care,Health Care: Medical Facilities,Brentwood,TN,7274,20.9,-33,6319,2180,121.9
National Oilwell Varco,36384,Energy,"Oil and Gas Equipment, Services",Houston,TX,7251,-50.9,-33,21140,13940,-2412
Kindred Healthcare,76650,Health Care,Health Care: Medical Facilities,Louisville,KY,7227,1.8,-33,6113,813,-664.2
Mosaic,8700,Chemicals,Chemicals,Plymouth,MN,7163,-19.5,-70.2,16841,9585,297.8
Alliance Data Systems,17000,Business Services,Financial Data Services,Plano,TX,7138,10.8,-13.5,25514,1658,515.8
Computer Sciences,59000,Technology,Information Technology Services,Tysons,VA,7106,-41.7,"12,450.00",7736,2025,251
Huntington Ingalls Industries,37000,Aerospace & Defense,Aerospace and Defense,Newport News,VA,7068,0.7,41.8,6352,1653,573
Leidos Holdings,32000,Technology,Information Technology Services,Reston,VA,7043,38.5,-3.9,9132,3135,244
Erie Insurance Group,4988,Financials,Insurance: Property and Casualty (Mutual),Erie,PA,7016,5.7,10.7,18417,8528,741.9
Tesla,30025,Motor Vehicles & Parts,Motor Vehicles and Parts,Palo Alto,CA,7000,73,10.7,22664,4753,-674.9
Ascena Retail Group,41000,Retailing,Specialty Retailers: Apparel,Mahwah,NJ,6995,45.6,10.7,5506,1863,-11.9
Darden Restaurants,150942,"Hotels, Restaurants & Leisure",Food Services,Orlando,FL,6934,-3.2,-47.1,4583,1952,375
Harman International Industries,26000,Industrials,"Electronics, Electrical Equipment",Stamford,CT,6912,12.3,5.6,6054,2453,361.7
Nvidia,10299,Technology,Semiconductors and Other Electronic Components,Santa Clara,CA,6910,37.9,171.3,9841,5762,1666
R.R. Donnelley & Sons,44360,Media,"Publishing, Printing",Chicago,IL,6896,-38.7,-428.2,4285,-106,-495.9
Fifth Third Bancorp,17844,Financials,Commercial Banks,Cincinnati,OH,6889,-2,-8.6,142177,16205,1564
Quintiles IMS Holdings,50000,Health Care,Health Care: Pharmacy and Other Services,Durham,NC,6878,19.9,-70.3,21208,8633,115
Jones Lang LaSalle,77300,Financials,Real Estate,Chicago,IL,6804,14,-27.5,7629,2790,318.2
Dover,29000,Industrials,Industrial Machinery,Downers Grove,IL,6794,-3.3,-41.5,10116,3800,508.9
Spirit AeroSystems Holdings,14400,Aerospace & Defense,Aerospace and Defense,Wichita,KS,6793,2.2,-40.4,5405,1928,469.7
Ryder System,34500,Transportation,"Trucking, Truck Leasing",Miami,FL,6787,3.3,-13.9,10903,2052,262.5
A-Mark Precious Metals,83,Materials,Miscellaneous,Santa Monica,CA,6784,11.8,31.5,437,63,9.3
Tractor Supply,19500,Retailing,Specialty Retailers: Other,Brentwood,TN,6780,8.9,6.5,2675,1453,437.1
Sealed Air,23000,Materials,"Packaging, Containers",Charlotte,NC,6778,-3.6,45,7389,610,486.4
Auto-Owners Insurance,4737,Financials,Insurance: Property and Casualty (Mutual),Lansing,MI,6775,4,-13.4,21571,9690,706.3
Yum China Holdings,420000,"Hotels, Restaurants & Leisure",Food Services,Plano,TX,6752,4,-13.4,3727,2377,502
Calpine,2372,Energy,Energy,Houston,TX,6716,3.8,-60.9,19317,3268,92
Owens-Illinois,27000,Materials,"Packaging, Containers",Perrysburg,OH,6702,8.9,54.8,9135,254,209
Targa Resources,1970,Energy,Pipelines,Houston,TX,6691,0.5,-421.3,12871,5439,-187.3
Jones Financial (Edward Jones),43000,Financials,Securities,Des Peres,MO,6632,-0.9,-11,19424,2634,746
JetBlue Airways,15986,Transportation,Airlines,Long Island City,NY,6632,3.4,12.1,9487,4013,759
Franklin Resources,9059,Financials,Securities,San Mateo,CA,6618,-16.7,-15.2,16099,11936,1726.7
Activision Blizzard,9500,Technology,Computer Software,Santa Monica,CA,6608,41.7,8.3,17452,9119,966
J.B. Hunt Transport Services,22190,Transportation,"Trucking, Truck Leasing",Lowell,AR,6556,5.9,1.1,3829,1414,432.1
Constellation Brands,9000,"Food, Beverages & Tobacco",Beverages,Victor,NY,6548,8.6,25.7,16965,6560,1054.9
NCR,33500,Technology,"Computers, Office Equipment",Duluth,GA,6543,2.7,25.7,7673,1542,270
Asbury Automotive Group,7900,Retailing,"Automotive Retailing, Services",Duluth,GA,6528,-0.9,-1.2,2336,280,167.2
American Financial Group,7600,Financials,Insurance: Property and Casualty (Stock),Cincinnati,OH,6498,5.7,84.4,55072,4916,649
Discovery Communications,7000,Media,Entertainment,Silver Spring,MD,6497,1.6,15.5,15758,5167,1194
Berry Global Group,21000,Materials,"Packaging, Containers",Evansville,IN,6489,32.9,174.4,7653,218,236
Sanmina,40178,Technology,Semiconductors and Other Electronic Components,San Jose,CA,6481,1.7,-50.2,3625,1610,187.8
CalAtlantic Group,3055,Engineering & Construction,Homebuilders,Arlington,VA,6477,83,127,8709,4208,484.7
Dr Pepper Snapple Group,20000,"Food, Beverages & Tobacco",Beverages,Plano,TX,6440,2.5,10.9,9791,2134,847
Dillard’s,30800,Retailing,General Merchandisers,Little Rock,AR,6418,-5,-37.2,3888,1717,169.2
HRG Group,16021,Household Products,Household and Personal Products,New York,NY,6403,10.1,-37.2,35793,638,-198.8
CMS Energy,7750,Energy,Utilities: Gas and Electric,Jackson,MI,6399,-0.9,5.4,21622,4253,551
Graybar Electric,8500,Wholesalers,Wholesalers: Diversified,St. Louis,MO,6385,4.5,2.2,2099,728,93.1
Builders FirstSource,14000,Materials,"Building Materials, Glass",Dallas,TX,6367,78.6,2.2,2910,310,144.3
Yum Brands,90000,"Hotels, Restaurants & Leisure",Food Services,Louisville,KY,6366,-51.4,25.2,5478,-5656,1619
Casey’s General Stores,24724,Retailing,Specialty Retailers: Other,Ankeny,IA,6304,-10.6,25.1,2726,1084,226
Amphenol,62000,Technology,Network and Other Communications Equipment,Wallingford,CT,6286,12.9,7.8,8499,3675,822.9
Oshkosh,13800,Industrials,Construction and Farm Machinery,Oshkosh,WI,6279,3,-5.7,4514,1977,216.4
iHeartMedia,18700,Media,Entertainment,San Antonio,TX,6274,0.5,-5.7,12862,-11021,-296.3
TreeHouse Foods,16027,"Food, Beverages & Tobacco",Food Consumer Products,Oak Brook,IL,6175,92.6,-298.9,6546,2503,-228.6
Alleghany,3420,Financials,Insurance: Property and Casualty (Stock),New York,NY,6131,22.6,-18.5,23757,7940,456.9
Expeditors International of Washington,16000,Transportation,Transportation and Logistics,Seattle,WA,6098,-7.8,-5.8,2791,1845,430.8
Avery Dennison,25000,Materials,"Packaging, Containers",Glendale,CA,6087,2,16.9,4396,926,320.7
Ameren,8629,Energy,Utilities: Gas and Electric,St. Louis,MO,6076,-0.4,3.7,24699,7103,653
Hanesbrands,67800,Apparel,Apparel,Winston-Salem,NC,6063,5.8,25.8,6908,1224,539.4
Motorola Solutions,14000,Technology,Network and Other Communications Equipment,Chicago,IL,6038,6,-8.2,8463,-964,560
St. Jude Medical,18000,Health Care,Medical Products and Equipment,St. Paul,MN,6004,8.4,-16.6,12578,4578,734
Harley-Davidson,6000,Transportation,Transportation Equipment,Milwaukee,WI,5997,8.4,-8,9890,1920,692.2
Regions Financial,22166,Financials,Commercial Banks,Birmingham,AL,5967,5.2,9.5,125968,16664,1163
Intercontinental Exchange,5631,Financials,Securities,Atlanta,GA,5958,27.3,11.6,82003,15717,1422
Alaska Air Group,19112,Transportation,Airlines,Seattle,WA,5931,5.9,-4,9962,2931,814
Old Republic International,8500,Financials,Insurance: Property and Casualty (Stock),Chicago,IL,5901,2.3,10.6,18592,4472,466.9
Lam Research,7500,Technology,Semiconductors and Other Electronic Components,Fremont,CA,5886,11.9,39.4,12272,5895,914
AK Steel Holding,8500,Materials,Metals,West Chester,OH,5883,-12.1,39.4,4036,-272,-7.8
Rockwell Automation,22000,Industrials,"Electronics, Electrical Equipment",Milwaukee,WI,5880,-6.8,-11.8,7101,1990,729.7
Adobe Systems,15706,Technology,Computer Software,San Jose,CA,5854,22.1,85.7,12707,7425,1168.8
Avon Products,26400,Household Products,Household and Personal Products,Rye,NY,5853,-18.4,85.7,3419,-848,-107.6
Terex,18100,Industrials,Construction and Farm Machinery,Westport,CT,5841,-10.7,-220.7,5007,1484.7,-176.1
NVR,4900,Engineering & Construction,Homebuilders,Reston,VA,5835,12.9,11.1,2644,1304,425.3
Dana,24900,Motor Vehicles & Parts,Motor Vehicles and Parts,Maumee,OH,5826,-3.9,302.5,4860,1157,640
Realogy Holdings,11800,Financials,Real Estate,Madison,NJ,5810,1.8,15.8,7421,2464,213
American Tower,4507,Telecommunications,Telecommunications,Boston,MA,5786,21.3,39.6,30879,6764,956.4
Packaging Corp. of America,14000,Materials,"Packaging, Containers",Lake Forest,IL,5779,0.6,2.9,5777,1760,449.6
Citizens Financial Group,17600,Financials,Commercial Banks,Providence,RI,5763,9.2,24.4,149520,19747,1045
United Rentals,12500,Business Services,Miscellaneous,Stamford,CT,5762,-0.9,-3.2,11988,1648,566
Clorox,8000,Household Products,Household and Personal Products,Oakland,CA,5761,1.7,11.7,4518,297,648
Genesis Healthcare,82000,Health Care,Health Care: Medical Facilities,Kennett Square,PA,5733,2,11.7,5779,-490,-64
M&T Bank Corp.,16487,Financials,Commercial Banks,Buffalo,NY,5722,14.5,21.8,123449,16487,1315.1
Ingredion,11000,"Food, Beverages & Tobacco",Food Production,Westchester,IL,5704,1.5,20.6,5782,2565,484.9
UGI,13105,Energy,Energy,King of Prussia,PA,5686,-15,29.8,10847,2851,364.7
Owens Corning,16000,Materials,"Building Materials, Glass",Toledo,OH,5677,6.1,19.1,7741,3849,393
S&P Global,20000,Business Services,Financial Data Services,New York,NY,5661,6.6,82.2,8669,650,2106
Markel,10900,Financials,Insurance: Property and Casualty (Stock),Glen Allen,VA,5612,4.5,-21.8,25875,8461,455.7
Wyndham Worldwide,37800,"Hotels, Restaurants & Leisure","Hotels, Casinos, Resorts",Parsippany,NJ,5599,1.1,-0.2,9819,714,611
Arthur J. Gallagher,24790,Financials,Diversified Financials,Itasca,IL,5595,3.8,16.1,11490,3597,414.4
Burlington Stores,40000,Retailing,Specialty Retailers: Apparel,Burlington,NJ,5591,9,43.5,2575,-50,215.9
First American Financial,19531,Financials,Insurance: Property and Casualty (Stock),Santa Ana,CA,5576,7.7,19.1,8832,3008,343
Symantec,11000,Technology,Computer Software,Mountain View,CA,5568,-14.4,183.4,11767,3676,2488
Patterson,7000,Wholesalers,Wholesalers: Health Care,St. Paul,MN,5555,27,-16.2,3521,1442,187.2
Olin,6400,Chemicals,Chemicals,Clayton,MO,5551,94.5,-16.2,8763,2273,-3.9
NetApp,12030,Technology,Computer Peripherals,Sunnyvale,CA,5546,-9.4,-59.1,10037,2881,229
Raymond James Financial,11900,Financials,Securities,St. Petersburg,FL,5520,4,5.4,31594,4914,529.4
TravelCenters of America,20259,Retailing,Specialty Retailers: Other,Westlake,OH,5511,-5.8,-107.3,1660,552,-2
Fiserv,23000,Business Services,Financial Data Services,Brookfield,WI,5505,4.8,30.6,9743,2541,930
Host Hotels & Resorts,220,Financials,Real Estate,Bethesda,MD,5488,1.9,36.6,11408,6994,762
Insight Enterprises,5930,Wholesalers,Wholesalers: Electronics and Office Equipment,Tempe,AZ,5486,2.1,11.7,2219,713,84.7
Mattel,32000,Household Products,"Toys, Sporting Goods",El Segundo,CA,5457,-4.3,-13.9,6494,2408,318
AmTrust Financial Services,8000,Financials,Insurance: Property and Casualty (Stock),New York,NY,5451,18.1,-8.8,22615,3269,411
Cincinnati Financial,4754,Financials,Insurance: Property and Casualty (Stock),Fairfield,OH,5449,6,-6.8,20386,7060,590.7
Simon Property Group,4050,Financials,Real Estate,Indianapolis,IN,5435,3.2,0.6,31104,4310,1838.9
Western Union,10700,Business Services,Financial Data Services,Englewood,CO,5423,-1.1,-69.8,9420,902,253.2
KeyCorp,15700,Financials,Commercial Banks,Cleveland,OH,5422,19.4,-13.6,136453,15240,791
Delek US Holdings,1326,Energy,Petroleum Refining,Brentwood,TN,5414,-6,-892.3,2985,992,-153.7
Booz Allen Hamilton Holding,22600,Technology,Information Technology Services,McLean,VA,5406,2.5,26.5,3010,409,294.1
Chemours,7000,Chemicals,Chemicals,Wilmington,DE,5400,2.5,26.5,6060,100,7
Western & Southern Financial Group,2178,Financials,"Insurance: Life, Health (Mutual)",Cincinnati,OH,5398,0.8,-47.2,43831,5104,241.2
Celanese,7293,Chemicals,Chemicals,Irving,TX,5389,-5,196.1,8357,2588,900
Windstream Holdings,11870,Telecommunications,Telecommunications,Little Rock,AR,5387,-6.6,"-1,499.60",11770,170,-383.5
Seaboard,11781,"Food, Beverages & Tobacco",Food Production,Merriam,KS,5379,-3.8,82.5,4755,3162,312
Essendant,6600,Wholesalers,Wholesalers: Electronics and Office Equipment,Deerfield,IL,5369,0.1,82.5,2164,781,63.9
Apache,3727,Energy,"Mining, Crude-Oil Production",Houston,TX,5354,-19.5,82.5,22519,6238,-1405
Airgas,17000,Wholesalers,Wholesalers: Diversified,Radnor,PA,5314,0.2,-8.3,6135,2045,337.5
Kelly Services,7500,Business Services,Temporary Help,Troy,MI,5277,-4.4,124.5,2028,1012,120.8
Liberty Media,3626,Media,Entertainment,Englewood,CO,5276,10,962.5,31377,11756,680
Rockwell Collins,19000,Aerospace & Defense,Aerospace and Defense,Cedar Rapids,IA,5259,-0.1,6.1,7707,2078,728
Robert Half International,16400,Business Services,Temporary Help,Menlo Park,CA,5250,3.1,-4,1778,1087,343.4
CH2M Hill,20000,Engineering & Construction,"Engineering, Construction",Englewood,CO,5236,-2.3,-81.3,2671,547,15
Big Lots,23150,Retailing,Specialty Retailers: Other,Columbus,OH,5200,0.2,7,1608,651,152.8
Michaels Cos.,31000,Retailing,Specialty Retailers: Other,Irving,TX,5197,5.8,4.2,2148,-1698,378.2
Toll Brothers,4200,Engineering & Construction,Homebuilders,Horsham,PA,5170,23.9,5.2,9737,4229,382.1
Yahoo,8500,Technology,Internet Services and Retailing,Sunnyvale,CA,5169,4,5.2,48083,31049,-214.3
Vistra Energy,4431,Energy,Energy,Dallas,TX,5164,4,5.2,15167,6597,-214.3
ABM Industries,110000,Business Services,Diversified Outsourcing Services,New York,NY,5145,-2.8,-25,2281,974,57.2
